

<?xml version="1.0" encoding="UTF-8"?><rsd version="1.0" xmlns="http://archipelago.phrasewise.com/rsd">
  <service>
    <engineName>WordPress</engineName>
    <engineLink>https://wordpress.org/</engineLink>
    <homePageLink>https://demo.hamyarwp.com/business-portfolio</homePageLink>
    <apis>
      <api name="WordPress" blogID="1" preferred="true" apiLink="https://demo.hamyarwp.com/business-portfolio/xmlrpc.php" />
      <api name="Movable Type" blogID="1" preferred="false" apiLink="https://demo.hamyarwp.com/business-portfolio/xmlrpc.php" />
      <api name="MetaWeblog" blogID="1" preferred="false" apiLink="https://demo.hamyarwp.com/business-portfolio/xmlrpc.php" />
      <api name="Blogger" blogID="1" preferred="false" apiLink="https://demo.hamyarwp.com/business-portfolio/xmlrpc.php" />
      	<api name="WP-API" blogID="1" preferred="false" apiLink="https://demo.hamyarwp.com/business-portfolio/index.php?rest_route=/" />
	    </apis>
  </service>
</rsd>
